Bemowo	d
Białołęka	d
Bielany	d
Ochota	d
Praga-Południe	d
Praga-Północ	d
Rembertów	d
Śródmieście	d
Ursus	d
Ursynów	d
Wesoła	d
Włochy	d
Wola	d
Żoliborz	d
Mokotów	d
Wilanów	d
Wawer	d
Targówek	d
Błonie	m
Brwinów	m
Góra Kalwaria	m
Grodzisk Mazowiecki	m
Grójec	m
Halinów	m
Józefów	m
Karczew	m
Kobyłka	m
Konstancin-Jeziorna	m
Legionowo	m
Łomianki	m
Marki	m
Milanówek	m
Mińsk Mazowiecki	m
Nowy Dwór Mazowiecki	m
Otwock	m
Ożarów Mazowiecki	m
Piaseczno	m
Piastów	m
Podkowa Leśna	m
Pruszków	m
Radzymin	m
Sochaczew	m
Sulejówek	m
Tarczyn	m
Wołomin	m
Ząbki	m
Zielonka	m
Żyrardów	m
Warszawa	p
Augustówka	w
Bemowo-Lotnisko	w
Białołęka Dworska	w
Błonia Wilanowskie	w
Boernerowo	w
Bródno	w
Bródno-Podgrodzie	w
Chomiczówka	w
Choszczówka	w
Czerniaków	w
Czyste	w
Elsnerów	w
Falenica	w
Gocławek	w
Gocław	w
Gołąbki	w
Górce	w
Grochów	w
Groty	w
Huta	w
Imielin	w
Jelonki Południowe	w
Jelonki Północne	w
Jeziorki Południowe	w
Jeziorki Północne	w
Kabaty	w
Kamionek	w
Kępa Zawadowska	w
Koło	w
Ksawerów	w
Marymont-Kaskada	w
Marymont-Potok	w
Marymont-Ruda	w
Marysin Wawerski	w
Miedzeszyn	w
Międzylesie	w
Mirów	w
Młociny	w
Młynów	w
Muranów	w
Natolin	w
Niedźwiadek	w
Nowodwory	w
Nowolipki	w
Nowe Włochy	w
Nowa Praga	w
Nowy Rembertów	w
Nowe Miasto	w
Odolany	w
Okęcie	w
Olszynka Grochowska	w
osiedle Przyjaźń	w
Paluch	w
Piaski	w
Powązki	w
Powsinek	w
Powsin	w
Pyry	w
Radiowo	w
Radość	w
Rakowiec	w
Raków	w
Sady Żoliborskie	w
Sadyba	w
Saska Kępa	w
Siekierki	w
Sielce	w
Słodowiec	w
Służewiec	w
Służew	w
Solec	w
Stare Bielany	w
Stare Powązki	w
Stare Włochy	w
Stara Miłosna	w
Stara Ochota	w
Stara Praga	w
Stary Mokotów	w
Stary Rembertów	w
Stary Ursynów	w
Stary Żoliborz	w
Stare Miasto	w
Stegny	w
Szczęśliwice	w
Szmulowizna	w
Śródmieście Południowe	w
Śródmieście Północne	w
Tarchomin	w
Targówek Fabryczny	w
Targówek Mieszkaniowy	w
Ujazdów	w
Ursynów Północny	w
Utrata	w
Wawrzyszew	w
Wesoła-Centrum	w
Wierzbno	w
Wilanów Królewski	w
Wilanów Niski	w
Wilanów Wysoki	w
Wólka Węglowa	w
Wrzeciono	w
Wyczółki	w
Zacisze	w
Zawady	w
Żerań	w
Antoninów	
Bronisze	
Brzeziny	
Cegłów	
Celestynów	
Chotomów	
Chrzanów	
Czechowice	
Dąbrówka	
Dąbrówka Szlachecka	
Dębe Wielkie	
Falenty	
Grabów	
Grodzisk	
Groszówka	
Izabelin	
Jabłonna	
Jadów	
Jaktorów	
Janki	
Józefosław	
Kawęczyn	
Kawęczyn-Wygoda	
Kobiałka	
Komorów	
Laski	
Lesznowola	
Łazy	
Macierówka	
Michałowice	
Nadarzyn	
Nadwiśle	
Nieporęt	
Okuniew	
Opacz Wielka	
Osieck	
Pelcowizna	
Placówka	
Raszyn	
Salomea	
Skorosze	
Słupno	
Stanisławów	
Stare Babice	
Szamocin	
Szamoty	
Teresin	
Ulrychów	
Wola Grzybowska	
Wolica	
Załuski	
Zerzeń	
Zielona-Grzybowa	
Zielony Ług	
